{"cameraMode":{"drawMode":0,"name":"Shaded","section":"Shading Mode"},"sceneLighting":true,"audioPlay":false,"sceneViewState":{"m_AlwaysRefresh":false,"showFog":true,"showSkybox":true,"showFlares":true,"showImageEffects":true,"showParticleSystems":true,"showVisualEffectGraphs":true,"m_FxEnabled":true},"in2DMode":false,"pivot":{"x":9.809798240661621,"y":-9.220380783081055,"z":2.9564404487609865},"rotation":{"x":0.15326707065105439,"y":0.43125462532043459,"z":-0.07463906705379486,"w":0.885995090007782},"size":22.765117645263673,"orthographic":false}